{"cameraMode":{"drawMode":0,"name":"Shaded","section":"Shading Mode"},"sceneLighting":true,"audioPlay":false,"sceneViewState":{"showFog":false,"showMaterialUpdate":false,"showSkybox":true,"showFlares":true,"showImageEffects":true,"showParticleSystems":true},"in2DMode":false,"pivot":{"x":33.22145080566406,"y":-119.47705841064453,"z":-974.337158203125},"rotation":{"x":0.05247499421238899,"y":0.9473678469657898,"z":-0.2321469634771347,"w":0.21413885056972505},"size":129.7889404296875,"orthographic":false}