{"cameraMode":{"drawMode":0,"name":"Shaded","section":"Shading Mode"},"sceneLighting":false,"audioPlay":false,"sceneViewState":{"m_AlwaysRefresh":false,"showFog":false,"showSkybox":false,"showFlares":true,"showImageEffects":true,"showParticleSystems":true,"showVisualEffectGraphs":true,"m_FxEnabled":true},"in2DMode":false,"pivot":{"x":0.1113196611404419,"y":0.09251320362091065,"z":-0.004668712615966797},"rotation":{"x":0.1613542139530182,"y":0.8328202962875366,"z":-0.31662699580192568,"w":0.4244084358215332},"size":1.408555507659912,"orthographic":false}